{"train/oa":95.15867614746094,"val/oa_best":94.2590103149414,"train/iou_Wall":94.47260284423828,"_step":4201,"test/macc":94.34941101074219,"_runtime":8294.738873645,"val/loss":2.4740850925445557,"val/iou_Window + Door":85.27130126953125,"test/loss":2.481703519821167,"lr-AdamW/pg1-momentum":0.9,"val/oa":93.72093963623047,"test/iou_Others":73.55884552001953,"test/miou":83.71111297607422,"test/cm_table":{"artifact_path":"wandb-client-artifact://iy3218yk8ch2h7bno1pbvhkdcs31sue110id8p1n7ytft9gaorvrbo6ejtqceklnt5rc3gxs6bp5gmgg5zrw1800zfxvt8m79k8g6kcnba09r8y7br8d7n9k9nsvvr9c/test/cm_table.table.json","_latest_artifact_path":"wandb-client-artifact://nho9tsb90zho81i6jafn42iq8ruffmohemfi7ra7tu6qosiws08sovlif1qqlpwgrzpwhwksp1eb1ryifuf563mutlsdu66r2bh4nm2zj5z66sqxu8h8tw7oob54lmqq:latest/test/cm_table.table.json","path":"media/table/test/cm_table_4200_c437ad8ca068c4d02cde.table.json","ncols":3,"nrows":9,"_type":"table-file","sha256":"c437ad8ca068c4d02cde1828618dd20a3dc929713f85ddd019af7afd95752968","size":359},"_timestamp":1.7299705582058096e+09,"train/miou":82.04680633544922,"val/iou_Wall":91.9054946899414,"train/iou_Others":66.62133026123047,"test/iou_Wall":92.60185241699219,"train/loss":1.9376300573349,"val/macc":94.19361877441406,"val/iou_Others":70.20488739013672,"test/iou_Window + Door":84.97264099121094,"lr-AdamW/pg2-momentum":0.9,"lr-AdamW/pg1":1.062936840849642e-06,"_wandb":{"runtime":8294},"val/macc_best":95.1831283569336,"lr-AdamW/pg2":1.0062931176477322e-06,"trainer/global_step":38000,"epoch":2000,"val/miou":82.46056365966797,"train/macc":90.32441711425781,"val/miou_best":83.71111297607422,"train/iou_Window + Door":85.0464859008789,"test/oa":94.23890686035156}