{"_timestamp":1.7301359795204551e+09,"lr-AdamW/pg1-momentum":0.9,"test/miou":85.63886260986328,"val/oa":95.0411376953125,"_wandb":{"runtime":6667},"test/oa":95.18989562988281,"train/loss":2.177790403366089,"train/macc":87.07273864746094,"lr-AdamW/pg2-momentum":0.9,"lr-AdamW/pg1":1.062936840849642e-06,"_runtime":6667.47829402,"train/iou_Others":61.19831085205078,"val/iou_Others":74.8369140625,"val/iou_Window + Door":87.39324188232422,"train/miou":79.42068481445312,"test/macc":93.2603988647461,"test/iou_Wall":93.84359741210938,"val/macc":93.36898803710938,"test/loss":2.520139455795288,"train/iou_Window + Door":84.62419128417969,"train/iou_Wall":92.43954467773438,"lr-AdamW/pg2":1.0062931176477322e-06,"test/cm_table":{"_type":"table-file","sha256":"130bb3582c9b162c346ad82e37d9fbb768af801bb0b99a877b5e1cc06097237d","size":359,"artifact_path":"wandb-client-artifact://jbrh45q4t5lpigkqufuenf8hy2mzukdeup2szx6mekugull8gomoq9ud8jq2khdujl4rfqzpwsgikppoajuphl59jfqm81ekzjkn8dno1snrglfvm71aka693z3o4vip/test/cm_table.table.json","_latest_artifact_path":"wandb-client-artifact://2em5hmgxsmpydtnki8viouhcl6ckgag8q5sc61lb7dz00x3wibyy2rjhdahr3l4iw2b0auo0oz2wc2r9jl7mrqe5svmrw8f37girqibypecw19srq9ps2kvru38n7jxx:latest/test/cm_table.table.json","path":"media/table/test/cm_table_4200_130bb3582c9b162c346a.table.json","ncols":3,"nrows":9},"test/iou_Window + Door":87.48605346679688,"val/macc_best":94.6871566772461,"val/miou":85.29045867919922,"trainer/global_step":24000,"_step":4201,"val/oa_best":95.18989562988281,"train/oa":93.61387634277344,"val/iou_Wall":93.64120483398438,"epoch":2000,"test/iou_Others":75.58695220947266,"val/miou_best":85.63886260986328,"val/loss":2.5320091247558594}