{"train/iou_Wall":91.95178985595703,"val/oa":94.92035675048828,"val/macc":93.33882904052734,"val/iou_Others":74.65603637695312,"test/loss":2.5442628860473633,"lr-AdamW/pg1-momentum":0.9,"val/iou_Wall":93.54369354248047,"train/miou":79.71146392822266,"val/macc_best":94.60298919677734,"lr-AdamW/pg1":1.256911111331846e-06,"epoch":1000,"lr-AdamW/pg2":1.0256887989100605e-06,"lr-AdamW/pg2-momentum":0.9,"_step":2101,"val/loss":2.547015428543091,"train/loss":2.3386459350585938,"test/macc":93.37139129638672,"train/iou_Others":62.731807708740234,"train/oa":93.34794616699219,"test/iou_Others":75.20747375488281,"_runtime":4190.639801642,"val/miou":84.96833038330078,"val/oa_best":95.06550598144531,"_timestamp":1.7301285435018148e+09,"trainer/global_step":12000,"test/cm_table":{"size":356,"artifact_path":"wandb-client-artifact://xqxq7e2bn8wydv82mbh7lz4033ummk9xz39di0181941y8x5olovjatk6j0jj7n92537zmlx6iz8xe6msbf0kppuqcdb1qrph589yijyi4pfpcuekejso5rfdhrdp6ye/test/cm_table.table.json","_latest_artifact_path":"wandb-client-artifact://rgryorr8tyddgf5kjeumzb7iw3jzhvx27drz646wb3ezhysxp1jjiwpvec1r2r2gxmnnu1k5njej8jfe94omlmenww1vwsmo1963nwzbw0kewvwl5hfrcha1e5sjx6s3:latest/test/cm_table.table.json","path":"media/table/test/cm_table_2100_5ea7c85003d8912642f3.table.json","ncols":3,"nrows":9,"_type":"table-file","sha256":"5ea7c85003d8912642f300e353eeb9cba1f9142e0b51f8abc093d31e00b35355"},"test/iou_Window + Door":86.98880767822266,"test/iou_Wall":93.73714447021484,"train/macc":87.37062072753906,"test/miou":85.31114959716797,"train/iou_Window + Door":84.45081329345703,"_wandb":{"runtime":4190},"val/miou_best":85.31114959716797,"val/iou_Window + Door":86.70526123046875,"test/oa":95.06550598144531}