{"train/miou":89.96244049072266,"train/iou_Window":84.5870361328125,"test/iou_Window":87.4940185546875,"val/loss":2.4815804958343506,"test/macc":93.46714782714844,"_runtime":2730.175066972,"val/iou_Wall":94.1923828125,"val/macc":93.63006591796875,"_step":4201,"test/cm_table":{"artifact_path":"wandb-client-artifact://jaed7j8vloy6j3j3ro9v9q2b576g0nav564jw6pg8na8db0pl73dscoie8bqlx6ab88wh5yl18g5qi3k0pnjgrmnuz9519bnx02vxhz60jn4k6ly84ftzp0yic04wy6v/test/cm_table.table.json","_latest_artifact_path":"wandb-client-artifact://x72bgy39ugovtlz8x7t6twoqrmxsx2ofycirhp77y5xmrmqjqggwjjnmfb3jlsi3le8ag4pithjnm0chp9lnamot3h6e1ldkrl2fjfie09szu2zez2bds4i641y2r2kn:latest/test/cm_table.table.json","path":"media/table/test/cm_table_4200_698d425e3d5fb966ea1c.table.json","ncols":3,"nrows":9,"_type":"table-file","sha256":"698d425e3d5fb966ea1c8d4313d3d7ffea7a8785b0659afe01ee2bfe1cc9178e","size":302},"train/iou_Door":89.11578369140625,"val/miou_best":86.79068756103516,"val/oa":95.42447662353516,"val/iou_Window":87.57830047607422,"epoch":2000,"lr-AdamW/pg1":1.062936840849642e-06,"val/miou":86.26598358154297,"_wandb":{"runtime":2730},"test/miou":86.79068756103516,"val/iou_Door":77.02725219726562,"test/iou_Wall":94.48689270019531,"_timestamp":1.729716503292226e+09,"train/loss":1.9176222085952759,"trainer/global_step":12000,"lr-AdamW/pg1-momentum":0.9,"lr-AdamW/pg2-momentum":0.9,"train/iou_Wall":96.18450164794922,"val/oa_best":95.63330078125,"test/iou_Door":78.39114379882812,"test/oa":95.63330078125,"train/macc":95.2516098022461,"lr-AdamW/pg2":1.0062931176477322e-06,"val/macc_best":95.23411560058594,"train/oa":96.78424072265625,"test/loss":2.491656541824341}